"0","predict(super_model, test_x)
"
"1","   [1]"
"1"," no "
"1"," no "
"1"," no "
"1"," no "
"1"," no "
"1"," no "
"1"," no "
"1"," no "
"1"," no "
"1"," no "
"1"," no "
"1"," no "
"1"," no "
"1"," no "
"1"," no "
"1"," no "
"1"," no "
"1"," no "
"1"," no "
"1","
"
"1","  [20]"
"1"," no "
"1"," no "
"1"," no "
"1"," no "
"1"," no "
"1"," no "
"1"," no "
"1"," no "
"1"," no "
"1"," no "
"1"," no "
"1"," no "
"1"," no "
"1"," no "
"1"," no "
"1"," no "
"1"," no "
"1"," yes"
"1"," no "
"1","
"
"1","  [39]"
"1"," no "
"1"," no "
"1"," no "
"1"," no "
"1"," no "
"1"," no "
"1"," no "
"1"," no "
"1"," no "
"1"," no "
"1"," no "
"1"," no "
"1"," no "
"1"," no "
"1"," no "
"1"," no "
"1"," no "
"1"," no "
"1"," no "
"1","
"
"1","  [58]"
"1"," no "
"1"," no "
"1"," no "
"1"," no "
"1"," no "
"1"," no "
"1"," no "
"1"," no "
"1"," no "
"1"," no "
"1"," no "
"1"," no "
"1"," no "
"1"," no "
"1"," no "
"1"," no "
"1"," no "
"1"," no "
"1"," no "
"1","
"
"1","  [77]"
"1"," no "
"1"," no "
"1"," no "
"1"," no "
"1"," no "
"1"," no "
"1"," no "
"1"," no "
"1"," no "
"1"," no "
"1"," no "
"1"," no "
"1"," no "
"1"," no "
"1"," no "
"1"," no "
"1"," no "
"1"," no "
"1"," no "
"1","
"
"1","  [96]"
"1"," no "
"1"," no "
"1"," no "
"1"," no "
"1"," no "
"1"," no "
"1"," no "
"1"," no "
"1"," no "
"1"," no "
"1"," no "
"1"," no "
"1"," no "
"1"," no "
"1"," no "
"1"," no "
"1"," no "
"1"," no "
"1"," no "
"1","
"
"1"," [115]"
"1"," no "
"1"," no "
"1"," no "
"1"," no "
"1"," no "
"1"," no "
"1"," no "
"1"," no "
"1"," no "
"1"," no "
"1"," no "
"1"," no "
"1"," no "
"1"," no "
"1"," no "
"1"," no "
"1"," no "
"1"," no "
"1"," no "
"1","
"
"1"," [134]"
"1"," no "
"1"," no "
"1"," no "
"1"," no "
"1"," no "
"1"," no "
"1"," no "
"1"," no "
"1"," no "
"1"," no "
"1"," no "
"1"," no "
"1"," no "
"1"," yes"
"1"," no "
"1"," no "
"1"," no "
"1"," no "
"1"," no "
"1","
"
"1"," [153]"
"1"," no "
"1"," no "
"1"," no "
"1"," no "
"1"," no "
"1"," no "
"1"," no "
"1"," no "
"1"," no "
"1"," no "
"1"," no "
"1"," no "
"1"," no "
"1"," no "
"1"," no "
"1"," no "
"1"," no "
"1"," no "
"1"," no "
"1","
"
"1"," [172]"
"1"," no "
"1"," no "
"1"," no "
"1"," no "
"1"," no "
"1"," no "
"1"," no "
"1"," no "
"1"," no "
"1"," no "
"1"," no "
"1"," no "
"1"," no "
"1"," no "
"1"," no "
"1"," no "
"1"," no "
"1"," no "
"1"," no "
"1","
"
"1"," [191]"
"1"," no "
"1"," no "
"1"," no "
"1"," yes"
"1"," no "
"1"," no "
"1"," no "
"1"," no "
"1"," no "
"1"," no "
"1"," no "
"1"," no "
"1"," no "
"1"," no "
"1"," no "
"1"," no "
"1"," no "
"1"," no "
"1"," no "
"1","
"
"1"," [210]"
"1"," no "
"1"," no "
"1"," no "
"1"," no "
"1"," no "
"1"," no "
"1"," no "
"1"," no "
"1"," no "
"1"," no "
"1"," no "
"1"," no "
"1"," no "
"1"," no "
"1"," no "
"1"," no "
"1"," no "
"1"," no "
"1"," no "
"1","
"
"1"," [229]"
"1"," no "
"1"," no "
"1"," no "
"1"," no "
"1"," no "
"1"," no "
"1"," no "
"1"," no "
"1"," no "
"1"," no "
"1"," no "
"1"," no "
"1"," no "
"1"," no "
"1"," no "
"1"," no "
"1"," no "
"1"," no "
"1"," no "
"1","
"
"1"," [248]"
"1"," no "
"1"," no "
"1"," no "
"1"," no "
"1"," no "
"1"," no "
"1"," no "
"1"," no "
"1"," no "
"1"," no "
"1"," no "
"1"," yes"
"1"," no "
"1"," no "
"1"," no "
"1"," no "
"1"," no "
"1"," no "
"1"," no "
"1","
"
"1"," [267]"
"1"," no "
"1"," no "
"1"," no "
"1"," no "
"1"," no "
"1"," no "
"1"," no "
"1"," no "
"1"," no "
"1"," no "
"1"," no "
"1"," no "
"1"," no "
"1"," no "
"1"," no "
"1"," no "
"1"," no "
"1"," no "
"1"," no "
"1","
"
"1"," [286]"
"1"," no "
"1"," no "
"1"," no "
"1"," no "
"1"," no "
"1"," no "
"1"," no "
"1"," no "
"1"," no "
"1"," no "
"1"," no "
"1"," no "
"1"," no "
"1"," no "
"1"," no "
"1"," no "
"1"," no "
"1"," no "
"1"," no "
"1","
"
"1"," [305]"
"1"," no "
"1"," no "
"1"," no "
"1"," yes"
"1"," no "
"1"," no "
"1"," no "
"1"," no "
"1"," no "
"1"," no "
"1"," no "
"1"," no "
"1"," no "
"1"," no "
"1"," no "
"1"," no "
"1"," no "
"1"," no "
"1"," no "
"1","
"
"1"," [324]"
"1"," no "
"1"," no "
"1"," no "
"1"," no "
"1"," no "
"1"," no "
"1"," no "
"1"," no "
"1"," no "
"1"," no "
"1"," no "
"1"," no "
"1"," no "
"1"," no "
"1"," no "
"1"," no "
"1"," no "
"1"," no "
"1"," no "
"1","
"
"1"," [343]"
"1"," no "
"1"," no "
"1"," no "
"1"," no "
"1"," no "
"1"," no "
"1"," no "
"1"," no "
"1"," no "
"1"," no "
"1"," no "
"1"," no "
"1"," no "
"1"," no "
"1"," no "
"1"," no "
"1"," no "
"1"," no "
"1"," no "
"1","
"
"1"," [362]"
"1"," no "
"1"," no "
"1"," no "
"1"," no "
"1"," yes"
"1"," no "
"1"," no "
"1"," no "
"1"," no "
"1"," no "
"1"," no "
"1"," no "
"1"," no "
"1"," yes"
"1"," no "
"1"," no "
"1"," no "
"1"," no "
"1"," no "
"1","
"
"1"," [381]"
"1"," no "
"1"," no "
"1"," no "
"1"," no "
"1"," no "
"1"," no "
"1"," no "
"1"," no "
"1"," no "
"1"," no "
"1"," no "
"1"," no "
"1"," no "
"1"," no "
"1"," no "
"1"," no "
"1"," no "
"1"," no "
"1"," no "
"1","
"
"1"," [400]"
"1"," no "
"1"," no "
"1"," no "
"1"," no "
"1"," no "
"1"," no "
"1"," no "
"1"," no "
"1"," no "
"1"," no "
"1"," no "
"1"," no "
"1"," no "
"1"," no "
"1"," no "
"1"," no "
"1"," no "
"1"," no "
"1"," no "
"1","
"
"1"," [419]"
"1"," no "
"1"," no "
"1"," no "
"1"," no "
"1"," no "
"1"," no "
"1"," no "
"1"," no "
"1"," no "
"1"," no "
"1"," no "
"1"," no "
"1"," no "
"1"," no "
"1"," no "
"1"," no "
"1"," no "
"1"," no "
"1"," no "
"1","
"
"1"," [438]"
"1"," no "
"1"," no "
"1"," no "
"1"," no "
"1"," no "
"1"," no "
"1"," no "
"1"," no "
"1"," no "
"1"," no "
"1"," no "
"1"," no "
"1"," no "
"1"," no "
"1"," no "
"1"," no "
"1"," no "
"1"," no "
"1"," no "
"1","
"
"1"," [457]"
"1"," no "
"1"," no "
"1"," no "
"1"," no "
"1"," no "
"1"," no "
"1"," no "
"1"," no "
"1"," no "
"1"," no "
"1"," no "
"1"," no "
"1"," no "
"1"," no "
"1"," no "
"1"," no "
"1"," no "
"1"," no "
"1"," no "
"1","
"
"1"," [476]"
"1"," no "
"1"," no "
"1"," no "
"1"," no "
"1"," no "
"1"," no "
"1"," no "
"1"," no "
"1"," no "
"1"," no "
"1"," no "
"1"," no "
"1"," no "
"1"," yes"
"1"," no "
"1"," no "
"1"," no "
"1"," no "
"1"," no "
"1","
"
"1"," [495]"
"1"," no "
"1"," yes"
"1"," no "
"1"," no "
"1"," no "
"1"," yes"
"1"," no "
"1"," no "
"1"," no "
"1"," no "
"1"," no "
"1"," no "
"1"," no "
"1"," no "
"1"," no "
"1"," no "
"1"," no "
"1"," no "
"1"," no "
"1","
"
"1"," [514]"
"1"," no "
"1"," no "
"1"," no "
"1"," yes"
"1"," no "
"1"," no "
"1"," no "
"1"," no "
"1"," no "
"1"," yes"
"1"," no "
"1"," no "
"1"," no "
"1"," no "
"1"," no "
"1"," no "
"1"," no "
"1"," no "
"1"," no "
"1","
"
"1"," [533]"
"1"," no "
"1"," no "
"1"," no "
"1"," no "
"1"," no "
"1"," no "
"1"," no "
"1"," no "
"1"," no "
"1"," no "
"1"," no "
"1"," no "
"1"," no "
"1"," no "
"1"," no "
"1"," no "
"1"," no "
"1"," no "
"1"," no "
"1","
"
"1"," [552]"
"1"," no "
"1"," no "
"1"," no "
"1"," no "
"1"," no "
"1"," no "
"1"," no "
"1"," no "
"1"," no "
"1"," no "
"1"," no "
"1"," no "
"1"," no "
"1"," no "
"1"," no "
"1"," no "
"1"," no "
"1"," no "
"1"," no "
"1","
"
"1"," [571]"
"1"," no "
"1"," no "
"1"," no "
"1"," yes"
"1"," no "
"1"," no "
"1"," no "
"1"," no "
"1"," no "
"1"," no "
"1"," no "
"1"," no "
"1"," no "
"1"," no "
"1"," no "
"1"," no "
"1"," no "
"1"," no "
"1"," no "
"1","
"
"1"," [590]"
"1"," no "
"1"," no "
"1"," yes"
"1"," no "
"1"," no "
"1"," no "
"1"," no "
"1"," yes"
"1"," no "
"1"," no "
"1"," no "
"1"," yes"
"1"," no "
"1"," no "
"1"," yes"
"1"," no "
"1"," no "
"1"," no "
"1"," yes"
"1","
"
"1"," [609]"
"1"," no "
"1"," no "
"1"," no "
"1"," no "
"1"," no "
"1"," no "
"1"," no "
"1"," no "
"1"," no "
"1"," no "
"1"," no "
"1"," no "
"1"," no "
"1"," no "
"1"," no "
"1"," no "
"1"," no "
"1"," no "
"1"," no "
"1","
"
"1"," [628]"
"1"," no "
"1"," yes"
"1"," no "
"1"," no "
"1"," no "
"1"," no "
"1"," no "
"1"," no "
"1"," no "
"1"," no "
"1"," no "
"1"," no "
"1"," no "
"1"," no "
"1"," no "
"1"," no "
"1"," no "
"1"," no "
"1"," no "
"1","
"
"1"," [647]"
"1"," no "
"1"," no "
"1"," no "
"1"," no "
"1"," no "
"1"," no "
"1"," no "
"1"," no "
"1"," no "
"1"," no "
"1"," no "
"1"," no "
"1"," no "
"1"," no "
"1"," no "
"1"," no "
"1"," no "
"1"," no "
"1"," no "
"1","
"
"1"," [666]"
"1"," no "
"1"," no "
"1"," no "
"1"," no "
"1"," no "
"1"," no "
"1"," no "
"1"," yes"
"1"," no "
"1"," no "
"1"," no "
"1"," no "
"1"," no "
"1"," no "
"1"," no "
"1"," no "
"1"," no "
"1"," no "
"1"," no "
"1","
"
"1"," [685]"
"1"," no "
"1"," no "
"1"," no "
"1"," no "
"1"," no "
"1"," no "
"1"," no "
"1"," no "
"1"," no "
"1"," yes"
"1"," no "
"1"," no "
"1"," no "
"1"," no "
"1"," no "
"1"," no "
"1"," no "
"1"," no "
"1"," no "
"1","
"
"1"," [704]"
"1"," no "
"1"," no "
"1"," yes"
"1"," no "
"1"," no "
"1"," no "
"1"," no "
"1"," no "
"1"," no "
"1"," no "
"1"," no "
"1"," no "
"1"," no "
"1"," no "
"1"," no "
"1"," no "
"1"," no "
"1"," no "
"1"," no "
"1","
"
"1"," [723]"
"1"," yes"
"1"," no "
"1"," yes"
"1"," no "
"1"," no "
"1"," no "
"1"," no "
"1"," no "
"1"," no "
"1"," no "
"1"," no "
"1"," no "
"1"," no "
"1"," no "
"1"," no "
"1"," no "
"1"," no "
"1"," no "
"1"," no "
"1","
"
"1"," [742]"
"1"," no "
"1"," no "
"1"," no "
"1"," no "
"1"," no "
"1"," no "
"1"," no "
"1"," no "
"1"," no "
"1"," no "
"1"," no "
"1"," no "
"1"," no "
"1"," no "
"1"," no "
"1"," no "
"1"," no "
"1"," no "
"1"," no "
"1","
"
"1"," [761]"
"1"," no "
"1"," no "
"1"," no "
"1"," no "
"1"," no "
"1"," no "
"1"," no "
"1"," no "
"1"," no "
"1"," no "
"1"," yes"
"1"," no "
"1"," no "
"1"," no "
"1"," no "
"1"," no "
"1"," no "
"1"," no "
"1"," no "
"1","
"
"1"," [780]"
"1"," no "
"1"," no "
"1"," yes"
"1"," no "
"1"," no "
"1"," no "
"1"," no "
"1"," no "
"1"," no "
"1"," no "
"1"," no "
"1"," no "
"1"," no "
"1"," no "
"1"," no "
"1"," no "
"1"," no "
"1"," no "
"1"," no "
"1","
"
"1"," [799]"
"1"," no "
"1"," no "
"1"," no "
"1"," no "
"1"," no "
"1"," no "
"1"," no "
"1"," no "
"1"," no "
"1"," no "
"1"," no "
"1"," no "
"1"," no "
"1"," no "
"1"," no "
"1"," no "
"1"," no "
"1"," yes"
"1"," no "
"1","
"
"1"," [818]"
"1"," no "
"1"," no "
"1"," no "
"1"," no "
"1"," no "
"1"," no "
"1"," no "
"1"," no "
"1"," no "
"1"," no "
"1"," no "
"1"," no "
"1"," no "
"1"," no "
"1"," no "
"1"," no "
"1"," no "
"1"," no "
"1"," no "
"1","
"
"1"," [837]"
"1"," no "
"1"," no "
"1"," yes"
"1"," yes"
"1"," no "
"1"," no "
"1"," no "
"1"," no "
"1"," no "
"1"," no "
"1"," no "
"1"," no "
"1"," yes"
"1"," no "
"1"," no "
"1"," no "
"1"," yes"
"1"," no "
"1"," no "
"1","
"
"1"," [856]"
"1"," no "
"1"," no "
"1"," no "
"1"," no "
"1"," no "
"1"," no "
"1"," no "
"1"," no "
"1"," no "
"1"," no "
"1"," no "
"1"," no "
"1"," no "
"1"," no "
"1"," yes"
"1"," no "
"1"," no "
"1"," no "
"1"," no "
"1","
"
"1"," [875]"
"1"," yes"
"1"," no "
"1"," no "
"1"," no "
"1"," no "
"1"," yes"
"1"," no "
"1"," no "
"1"," no "
"1"," no "
"1"," no "
"1"," no "
"1"," no "
"1"," no "
"1"," no "
"1"," no "
"1"," no "
"1"," no "
"1"," no "
"1","
"
"1"," [894]"
"1"," no "
"1"," no "
"1"," no "
"1"," no "
"1"," no "
"1"," no "
"1"," no "
"1"," no "
"1"," no "
"1"," no "
"1"," no "
"1"," no "
"1"," no "
"1"," no "
"1"," no "
"1"," no "
"1"," no "
"1"," no "
"1"," no "
"1","
"
"1"," [913]"
"1"," no "
"1"," no "
"1"," no "
"1"," no "
"1"," no "
"1"," no "
"1"," no "
"1"," no "
"1"," no "
"1"," no "
"1"," no "
"1"," no "
"1"," no "
"1"," no "
"1"," no "
"1"," no "
"1"," no "
"1"," no "
"1"," no "
"1","
"
"1"," [932]"
"1"," no "
"1"," no "
"1"," no "
"1"," yes"
"1"," no "
"1"," no "
"1"," no "
"1"," no "
"1"," no "
"1"," no "
"1"," no "
"1"," no "
"1"," no "
"1"," yes"
"1"," no "
"1"," no "
"1"," no "
"1"," no "
"1"," no "
"1","
"
"1"," [951]"
"1"," no "
"1"," no "
"1"," no "
"1"," no "
"1"," no "
"1"," yes"
"1"," no "
"1"," no "
"1"," no "
"1"," no "
"1"," no "
"1"," no "
"1"," yes"
"1"," no "
"1"," no "
"1"," no "
"1"," no "
"1"," no "
"1"," no "
"1","
"
"1"," [970]"
"1"," no "
"1"," no "
"1"," no "
"1"," no "
"1"," no "
"1"," no "
"1"," no "
"1"," no "
"1"," no "
"1"," no "
"1"," no "
"1"," no "
"1"," no "
"1"," no "
"1"," yes"
"1"," no "
"1"," no "
"1"," no "
"1"," no "
"1","
"
"1"," [989]"
"1"," no "
"1"," no "
"1"," no "
"1"," no "
"1"," no "
"1"," no "
"1"," no "
"1"," no "
"1"," no "
"1"," no "
"1"," no "
"1"," no "
"1","
"
"1"," [ reached getOption(""max.print"") -- omitted 6969 entries ]
"
"1",""
"1","Levels: "
"1",""
"1","no yes"
"1",""
"1","
"
